{"cameraMode":{"drawMode":0,"name":"Shaded","section":"Shading Mode"},"sceneLighting":false,"audioPlay":false,"sceneViewState":{"m_AlwaysRefresh":false,"showFog":true,"showSkybox":false,"showFlares":true,"showImageEffects":true,"showParticleSystems":true,"showVisualEffectGraphs":true,"m_FxEnabled":true},"in2DMode":false,"pivot":{"x":-0.08226394653320313,"y":3.6847076416015627,"z":-0.8174003958702087},"rotation":{"x":0.0074833109974861149,"y":0.06595249474048615,"z":-0.0004941508523188531,"w":0.9978004097938538},"size":3.4875237941741945,"orthographic":true}