{"cameraMode":{"drawMode":0,"name":"Shaded","section":"Shading Mode"},"sceneLighting":true,"audioPlay":false,"sceneViewState":{"m_AlwaysRefresh":false,"showFog":true,"showSkybox":true,"showFlares":true,"showImageEffects":true,"showParticleSystems":true,"showVisualEffectGraphs":true,"m_FxEnabled":true},"in2DMode":false,"pivot":{"x":0.12486223131418228,"y":4.755651473999023,"z":-1.1244584321975709},"rotation":{"x":0.0074833109974861149,"y":0.06595249474048615,"z":-0.0004941508523188531,"w":0.9978004097938538},"size":5.571951389312744,"orthographic":true}